<?xml version="1.0"?>
<config>
    <sections>
        <payment>
            <groups>
                <dropshipping translate="label" module="dropshipping">
                    <label>Dropshipping Module</label>
                    <sort_order>1000</sort_order>
                    <show_in_default>1</show_in_default>
                    <show_in_website>1</show_in_website>
                    <show_in_store>0</show_in_store>
                    <fields>
                        <title translate="label">
                            <label>Title</label>
                            <frontend_type>text</frontend_type>
                            <show_in_default>1</show_in_default>
                            <show_in_website>1</show_in_website>
                            <show_in_store>0</show_in_store>
                            <sort_order>1</sort_order>
                        </title>
                        <active translate="label">
                            <label>Enabled</label>
                            <frontend_type>select</frontend_type>
                            <source_model>adminhtml/system_config_source_yesno</source_model>
                            <show_in_default>1</show_in_default>
                            <show_in_website>1</show_in_website>
                            <show_in_store>0</show_in_store>
                            <sort_order>2</sort_order>
                        </active>
                        <order_status translate="label">
                            <label>New order status</label>
                            <frontend_type>select</frontend_type>
                            <source_model>adminhtml/system_config_source_order_status</source_model>
                            <show_in_default>1</show_in_default>
                            <show_in_website>1</show_in_website>
                            <show_in_store>0</show_in_store>
                            <sort_order>3</sort_order>
                        </order_status>
                        <allowspecific translate="label">
                            <label>Payment from applicable countries</label>
                            <frontend_type>allowspecific</frontend_type>
                            <source_model>adminhtml/system_config_source_payment_allspecificcountries</source_model>
                            <show_in_default>1</show_in_default>
                            <show_in_website>1</show_in_website>
                            <show_in_store>1</show_in_store>
                            <sort_order>4</sort_order>
                        </allowspecific>
                        <specificcountry translate="label">
                            <label>Payment from Specific countries</label>
                            <frontend_type>multiselect</frontend_type>
                            <source_model>adminhtml/system_config_source_country</source_model>
                            <show_in_default>1</show_in_default>
                            <show_in_website>1</show_in_website>
                            <show_in_store>1</show_in_store>
                            <sort_order>5</sort_order>
                        </specificcountry>
                    </fields>
                </dropshipping>
            </groups>
        </payment>
    </sections>
</config>